{
  "tau=0.65,theta=0.15": {
    "fcr": 0.9285714285714286,
    "avg_f1": 0.6858820258861831,
    "avg_sc": 0.6200926485589717,
    "avg_rollback_depth": 8.2
  },
  "tau=0.65,theta=0.2": {
    "fcr": 0.8285714285714286,
    "avg_f1": 0.6953990639901309,
    "avg_sc": 0.586077847837866,
    "avg_rollback_depth": 8.033333333333333
  },
  "tau=0.65,theta=0.25": {
    "fcr": 0.8285714285714286,
    "avg_f1": 0.6972172458083126,
    "avg_sc": 0.5847012665970358,
    "avg_rollback_depth": 8.027777777777779
  },
  "tau=0.65,theta=0.3": {
    "fcr": 0.8285714285714286,
    "avg_f1": 0.6977424558923463,
    "avg_sc": 0.5843911890776561,
    "avg_rollback_depth": 8.027777777777779
  },
  "tau=0.65,theta=0.35": {
    "fcr": 0.7571428571428571,
    "avg_f1": 0.7050941749120726,
    "avg_sc": 0.539667171910369,
    "avg_rollback_depth": 7.95
  },
  "tau=0.7,theta=0.15": {
    "fcr": 0.9285714285714286,
    "avg_f1": 0.6858820258861831,
    "avg_sc": 0.6200926485589717,
    "avg_rollback_depth": 8.2
  },
  "tau=0.7,theta=0.2": {
    "fcr": 0.8285714285714286,
    "avg_f1": 0.6953990639901309,
    "avg_sc": 0.586077847837866,
    "avg_rollback_depth": 8.033333333333333
  },
  "tau=0.7,theta=0.25": {
    "fcr": 0.8285714285714286,
    "avg_f1": 0.6972172458083126,
    "avg_sc": 0.5847012665970358,
    "avg_rollback_depth": 8.027777777777779
  },
  "tau=0.7,theta=0.3": {
    "fcr": 0.8285714285714286,
    "avg_f1": 0.6977424558923463,
    "avg_sc": 0.5843911890776561,
    "avg_rollback_depth": 8.027777777777779
  },
  "tau=0.7,theta=0.35": {
    "fcr": 0.7571428571428571,
    "avg_f1": 0.7050941749120726,
    "avg_sc": 0.539667171910369,
    "avg_rollback_depth": 7.95
  },
  "tau=0.75,theta=0.15": {
    "fcr": 0.9285714285714286,
    "avg_f1": 0.6858820258861831,
    "avg_sc": 0.6200926485589717,
    "avg_rollback_depth": 8.2
  },
  "tau=0.75,theta=0.2": {
    "fcr": 0.8285714285714286,
    "avg_f1": 0.6953990639901309,
    "avg_sc": 0.586077847837866,
    "avg_rollback_depth": 8.033333333333333
  },
  "tau=0.75,theta=0.25": {
    "fcr": 0.8285714285714286,
    "avg_f1": 0.6972172458083126,
    "avg_sc": 0.5847012665970358,
    "avg_rollback_depth": 8.027777777777779
  },
  "tau=0.75,theta=0.3": {
    "fcr": 0.8285714285714286,
    "avg_f1": 0.6977424558923463,
    "avg_sc": 0.5843911890776561,
    "avg_rollback_depth": 8.027777777777779
  },
  "tau=0.75,theta=0.35": {
    "fcr": 0.7571428571428571,
    "avg_f1": 0.7050941749120726,
    "avg_sc": 0.539667171910369,
    "avg_rollback_depth": 7.95
  },
  "tau=0.8,theta=0.15": {
    "fcr": 0.9285714285714286,
    "avg_f1": 0.6858820258861831,
    "avg_sc": 0.6200926485589717,
    "avg_rollback_depth": 8.2
  },
  "tau=0.8,theta=0.2": {
    "fcr": 0.8285714285714286,
    "avg_f1": 0.6953990639901309,
    "avg_sc": 0.586077847837866,
    "avg_rollback_depth": 8.033333333333333
  },
  "tau=0.8,theta=0.25": {
    "fcr": 0.8285714285714286,
    "avg_f1": 0.6972172458083126,
    "avg_sc": 0.5847012665970358,
    "avg_rollback_depth": 8.027777777777779
  },
  "tau=0.8,theta=0.3": {
    "fcr": 0.8285714285714286,
    "avg_f1": 0.6977424558923463,
    "avg_sc": 0.5843911890776561,
    "avg_rollback_depth": 8.027777777777779
  },
  "tau=0.8,theta=0.35": {
    "fcr": 0.7571428571428571,
    "avg_f1": 0.7050941749120726,
    "avg_sc": 0.539667171910369,
    "avg_rollback_depth": 7.95
  },
  "tau=0.85,theta=0.15": {
    "fcr": 0.9285714285714286,
    "avg_f1": 0.6858820258861831,
    "avg_sc": 0.6200926485589717,
    "avg_rollback_depth": 8.2
  },
  "tau=0.85,theta=0.2": {
    "fcr": 0.8285714285714286,
    "avg_f1": 0.6953990639901309,
    "avg_sc": 0.586077847837866,
    "avg_rollback_depth": 8.033333333333333
  },
  "tau=0.85,theta=0.25": {
    "fcr": 0.8285714285714286,
    "avg_f1": 0.6972172458083126,
    "avg_sc": 0.5847012665970358,
    "avg_rollback_depth": 8.027777777777779
  },
  "tau=0.85,theta=0.3": {
    "fcr": 0.8285714285714286,
    "avg_f1": 0.6977424558923463,
    "avg_sc": 0.5843911890776561,
    "avg_rollback_depth": 8.027777777777779
  },
  "tau=0.85,theta=0.35": {
    "fcr": 0.7571428571428571,
    "avg_f1": 0.7050941749120726,
    "avg_sc": 0.539667171910369,
    "avg_rollback_depth": 7.95
  }
}